line_id,report_type,unit_id,org_id,sku,fnsku,fba_shipment_id,order_id,charge_type,quantity,amount_usd,posted_date,defect_category
DEMO-F01-1,fee_report,DEMO-U01,org_demo_alpha,DEMO-SKU-MUG,X00DEMO0001,FBA-DEMO-01,,inbound_defect_fee,1,3.20,2026-08-20,polybag
DEMO-F02-1,fee_report,DEMO-U02,org_demo_alpha,DEMO-SKU-SOCKS,X00DEMO0002,FBA-DEMO-01,,inbound_defect_fee,1,2.75,2026-08-20,label
DEMO-F04-1,fee_report,DEMO-U04,org_demo_alpha,DEMO-SKU-LAMP,X00DEMO0004,FBA-DEMO-01,DEMO-ORD-0004,fulfilment_fee_weight_tier,1,5.10,2026-08-18,
DEMO-F04-2,fee_report,DEMO-U04,org_demo_alpha,DEMO-SKU-LAMP,X00DEMO0004,FBA-DEMO-01,DEMO-ORD-0004,fulfilment_fee_weight_tier,1,5.10,2026-08-30,
DEMO-F05-1,fee_report,DEMO-U05,org_demo_alpha,DEMO-SKU-VASE,X00DEMO0005,FBA-DEMO-01,,inbound_defect_fee,1,3.60,2026-08-21,handling_marks
DEMO-F06-1,fee_report,DEMO-U06,org_demo_alpha,DEMO-SKU-JAM,X00DEMO0006,FBA-DEMO-01,,inbound_defect_fee,1,2.40,2026-08-19,expiry_date
DEMO-F06-2,reimbursement_report,DEMO-U06,org_demo_alpha,DEMO-SKU-JAM,X00DEMO0006,FBA-DEMO-01,,inbound_defect_fee,1,2.40,2026-09-02,expiry_date
DEMO-F07-1,fee_report,DEMO-U07,org_demo_alpha,DEMO-SKU-BOTTLE,X00DEMO0007,FBA-DEMO-01,,inbound_defect_fee,1,2.95,2026-08-22,
DEMO-F08-1,inventory_adjustment,DEMO-U08,org_demo_alpha,DEMO-SKU-HEADSET,X00DEMO0008,FBA-DEMO-01,,lost_inbound,1,0.00,2026-08-12,
DEMO-F09-1,fee_report,DEMO-U09,org_demo_alpha,DEMO-SKU-BLANKET,X00DEMO0009,FBA-DEMO-01,,inbound_defect_fee,1,3.20,2026-08-25,polybag
